rate_date,last_modified_utc,first_seen_utc
2026-09-28,2026-09-28T13:56:44Z,2026-09-29T08:19:25Z
2026-09-29,2026-09-29T13:56:34Z,2026-09-29T21:04:14Z
2026-09-30,2026-09-30T13:56:27Z,2026-09-30T20:00:08Z
2026-09-30,2026-09-30T13:56:50Z,2026-10-01T00:10:09Z
2026-10-01,2026-10-01T13:56:53Z,2026-10-01T14:07:01Z
2026-10-01,2026-10-01T13:56:29Z,2026-10-02T08:52:01Z
2026-10-02,2026-10-02T13:56:23Z,2026-10-02T14:07:00Z
2026-10-02,2026-10-02T13:56:43Z,2026-10-02T14:37:01Z
2026-10-05,2026-10-05T13:56:38Z,2026-10-05T14:07:01Z
2026-10-06,2026-10-06T13:56:35Z,2026-10-06T14:07:01Z
2026-10-07,2026-10-07T13:56:55Z,2026-10-07T14:07:01Z
2026-10-08,2026-10-08T13:56:36Z,2026-10-08T14:07:01Z
2026-10-08,2026-10-08T13:56:15Z,2026-10-09T00:37:01Z
2026-10-09,2026-10-09T13:56:35Z,2026-10-09T14:07:02Z
